Kata / Kalimat,Sentimen Data Asli,Sentimen Data Prediksi
hasil piala asia dendam balas,negatif,negatif
tournament team rankings update jepang uzbekistan iraq indonesia south korea vietnam qatar h saudi arabia china tajikistan kuwait australia thailand,positif,positif
timnasday jam sore,positif,positif
hebat timnasku,positif,positif
mimpi,positif,positif
terima kasih garuda muda juang main olimpiade anyway ucap selamat guinea aman jatah tiket olimpiade cabor bola next garuda muda,positif,positif
situs online baik percaya taut gacor daftar id gacor winrate garansi saldo rb minimal depo ribu bonus minggu nathan arhan taeyeon ridho korsel shin taeyong,positif,positif
prediksi togel oregon mei angka main colok bebas d amp top d top d top d shio harimau angka twins,positif,positif
gais mohon drop calo percaya nomor scam scam capek bangett chatin calo ujung ujung nya bingung nipu beneran,negatif,positif
afc asi cup final champions uzbekistanjapan,positif,positif
jumpa tribun utara kenkawan,positif,negatif
kondisi rumput gelora bung karno konser laga kualifikasi piala dunia indonesia vs irak,positif,positif
kondisi rumput sugbk bahan bicara media sosial konser nct dream tonton fans,positif,positif
kalah woi taut live streaming voli avc challenge cup wanita tim nasional voli putri indonesia vs kazakhstan live streamingnya,negatif,positif
halo baretoners siang kepo fitur speaker pakai ka rimar atas jumat berkah mimin spill fitur maxnb,positif,positif
mantap pln salur bantu tjsl program electrifiying marine bantu nelayan bangka belitung pangkas biaya operasional laut aaliyah guinea mbappe djarum princess,positif,negatif
penuh drama malam ini emosi lihat wasit ahjussi taeyong kasih kartu merah shibal saekkiya wasit emang wasit kemarin semangat,negatif,negatif
cetak sejarah target sty tim nasional indonesia gagal lolos olimpiade paris,negatif,negatif
lovely runner ep tayang gaess taut nya dibio,positif,positif
jadwal indonesia vs irak rebut juara piala asia,negatif,positif
indonesia kalah hormat kibar bendera tiang kualitas wasit,negatif,negatif
ft guenia indonesia,positif,positif
tiket tim nasional indonesia vs filipina ya upper garuda tinggal habis antri data bayar tiket email masuk biaya ktiket biaya bayar dm wts wtb,negatif,negatif
kali ajang indonesia kalah negara mazhab hanafi fase grup indonesia kalah kali negara mazhab hambali,negatif,negatif
woiiii gilakkkk wasit nyaa curanggggg,negatif,negatif
gilaakk barusan nonton ulang amp highlightnya deg deg an pol buanggaa tim nasional indonesia main bagus bgtt letsgooo finaallll mas jerome mas jerome skr,negatif,negatif
selamat garuda,positif,positif
alhamdulillah jumat berkah tim nasional did it sty ghamsamnidawe love,positif,positif
skuad garuda muda pulang hangat bangga raih tiket olimpiade terima kasih pssi suporter setia,positif,positif
terima kasih garuda muda perjuangamu kerja keras pantang serah semangat tanam bangga hati indonesia,positif,positif
alhamdulillah tinggal besok kerja minum kopi galon,positif,positif
meme tebar wkwkw,positif,negatif
congratulations indonesiaa bangga lihat main mental tim nasional kualitas trimakasih latih shin ty teman main juang proses keep goin,positif,positif
bangga good job king indonesia,positif,positif
oleng undur tidur sebentar,negatif,positif
wts tiket tim nasional indonesia vs fiilipina west garuda merch alas jual kasih cuti minat dm ya,positif,positif
towell senang bukti serang indonesia gagal semuaa tertawa sih,negatif,negatif
alhamdulillah,positif,positif
gol anulir sty yellow card rizky ridho red card arhan own goal garuda muda jatuh didiemin gilir langsung bunyiin peluit wasit adil whatever happens sempat juara lolos olimpiade,negatif,positif
yah,positif,positif
rizky rindho tendang bola redcard,negatif,negatif
gamenang seengganya best goal donggggggg yuk voteee,positif,positif
halah wasit alergi kartu kocakk,negatif,negatif
malam minggu tebar menang pasti,positif,positif
umpan crossing hubner sananta lepas sananta offside ya beneran empuk banget sananta manfaat peluangpeluang gawang konversi gol,positif,positif
kemarin indonesia kalah korea afc cup gilir tim uber indonesia kalah korea,negatif,negatif
fullsenyum,positif,positif
catat nama claudia scheunemann,positif,positif
sty tim nasional sejarah lolos piala asia sejarah lolos babak sejarah lolos babak sejarah kaki indonesia olimpiade sederhana towel suka,negatif,negatif
terima kasih tim nasional indonesia chattan mas crush,negatif,positif
good job siiii kejar juara,positif,positif
proud of tim nasional proud of indonesia keren emang dasar berat belah piala asia,positif,positif
skenario tim nasional indonesia lolos babak kualifikasi piala dunia moga lolos aamiiin,negatif,negatif
tinggal tidur takut nontonin live bangun subuh habis subuh langsung cek tw alhamdulillah menang tim inaa,negatif,positif
indonesia kempunan layak pentas final lepas tewas tangan uzbekistan capai skuad garuda muda pentas piala asia buka mata ramai perhati bola sepak tempat dek rana cemerlang anak buah shin taeyong,negatif,negatif
jelang hadap tim nasional indonesia irak kirim delegasi jakarta cek rumput sugbkhotel,negatif,positif
yha duduk sama yak set piece idn sgp,positif,positif
trans selamat ya indonesia skill main dukung nih bikin kewalan ya moga top asia negara latih sty ya nih fans sepak bola hati sentuh dukung sweet banget oppa,positif,positif
kerja perintah lawak hahahaha,positif,positif
prediksi taut live streaming fulham vs manchester city arsenal geser cityzens ogah kendur,negatif,positif
expresi menang nobar lokasi towel ernando hubner arkhan arhan,negatif,positif
prediksi togel oregon april angka main colok bebas d amp top d top d top d shio tikus angka twins,positif,positif
informasi kontak panitia olimpiade paris kirim file national anthem indonesia stanza,positif,negatif
wasit bangsat shen yinhao red card rizky ridho kartu merah piala usia arhan struick iffside iraq uzbek nathan kelly sananta,negatif,negatif
aet korea selatan indonesia komang teguh gbd y lee s bb jeong rafael struick rafael struick indonesia menang babak adu penalti alhamdulillah indonesia lolos semifinal,negatif,positif
sih wasit pilih bener,negatif,negatif
witan kena akumulasi kartu kuning buat main lawan iraq manajer tim nasional buka main tambah gabung tim nasional,negatif,negatif
jepang juara save pinalti jepang liga hasil potensi main jepang amp uzbek bukti,positif,positif
bingung masyarakat lurus,positif,positif
yu yu yu yu yu,positif,positif
garuda calling pasu panggil latih shin tae yong fifa match juni,negatif,positif
moga menang malam gairah bina sepak bola usia muda momentum,negatif,positif
terima kasih garuda muda bangga,positif,positif
indonesia menang,negatif,positif
dek uzbek ohh indonesia,positif,positif
berita bolberita bola baru situs beting taut,negatif,negatif
main buruk kiky champions league syarifah salma t tiktok straming tanding liga ps brt subang vs farmel fc persibo vs persikota taut streaming bio,negatif,positif
pecah telor,positif,positif
gilaa reva detik gol,positif,positif
panglima tni tindak kstp negara negara,positif,positif
thank tim nasional indonesia juang semifinal maju bikin bangga banget yall did that very well keep it up guys wasit jck,positif,positif
tidur wswasite dholim,positif,positif
indonesia masuk bedar asiaaaa tuhhh indonesia vs korea menang indonesia,negatif,positif
tenang rebut juara kendorkan semangattt target olimpiade capai titik tinggi main olimpiade yok yok indonesia,negatif,positif
nepikeun ka nafsu dahar ge ai indonesia eleh mah alabatan ronde pamajikan leuleus ngaroroncod na ge gusti,positif,negatif
syukur,positif,positif
medan tempuh pj gubernur bahtiar korban dampak banjir jajar perintah hadir korban guinea,negatif,negatif
bangun kaget lihat tweet indonesia menang lawan korsel,negatif,positif
oh dienakin kakak kelas netflix,positif,positif
terimakasih punggawa garuda indonesia baik,positif,positif
garis var tolong lihatin tangan main uzbekistan nomor rela gol indonesia anulir,positif,positif
pas ya,positif,positif
kuis tebak skor piala asia guinea indonesia syarat follow like amp rt tweet tulis tebak kolom komentar contoh ft irak indonesia hadiah k orang menang,positif,positif
crypto nft secawards artistaasiatico partaikebangkitanbangsa vivaelpoderpopular wtcfinal promobca pelakor sr shimmer danakaget timnasday syifa chickanarkoba,positif,positif
indonesia vs uzbekistan cek var penalti langgar cek var goal indonesia anggap offside semangat tim nasional balik wasit tai,negatif,negatif
semangatt tim nasional,negatif,negatif
terima kasih juang,positif,positif
mamam uzbek uzbek,negatif,positif
assalamualaikum semifinal,positif,positif
ko main arah mana kasihan rakyat korban,negatif,negatif
terimakasih indonesiakalian,positif,positif
bissmillah moga,positif,positif
siasia begadang alhamdulillah assalamualaikum semifinal,positif,positif
naturalisasi nathan tjoe a on main bek swansea jin hereenven sulap sty dlp handal lapis dlp tim nasional senior haye nathan klok,negatif,positif
patut curiga jaksa,negatif,negatif
yuk beib main main stasiunplay akuh taut join,positif,positif
skuad tim nasional indonesia hadap singapura selasa stadion madya gelora bung karno submit tiket gratis submit jumpa tribun yaaa,positif,positif
shin tae yong piala aff raih piala asia afc piala dunia fifa juang,negatif,negatif
lagu emang nathan banget hmm,positif,positif
lihat si putih lemah,positif,negatif
hubner rebut peringkat yuk,positif,positif
marselino ferdinan tuding egois lapang latih rekan,positif,positif
lampung ngidupin kembang api wkwkw,positif,negatif
sia begadang nonton tim nasional pagi pagi rapat pribadi bangga pancapain puas nontonnya terima kasih ngomong ngomong latih umur hidup ya,negatif,positif
sungguh resah oknum jagung,negatif,negatif
wts sale tiket tim nasional indonesia vs iraq section upper tix only k tiket pribadi an jual bentrok jadwal uji sidang serious buyer only,negatif,positif
kali judul drama korea drama adu pinalti haiiiii semifinal,negatif,negatif
duh taut live streaming voli avc challenge cup wanita tim nasional voli putri indonesia vs kazakhstan live streamingnya,negatif,positif
nama jodoh indonesia,positif,positif
alhamdulillah sejarah cipta kali masuk semifinal piala asia lepas jasa politikus pansos,positif,positif
good game rekk tenang ketemu israel next game syemangatss,positif,positif
hadeh saat tim nasional indonesia capekcapek ngangkat indonesia biar kenal eh oknum rusak,negatif,negatif
mentalitas baja ilham rio fahmi tembus senior mentalitas ilham rio fahmi bek persija jakarta ambisi tembus indonesia senior rampung tunai tugas tim,positif,positif
turnamen turnamen toulon turnamen temu tim nasional usia muda turnamen indonesia pilih mesir undur,negatif,positif
dukung tim nasional indonesia henti nyanyi garuda juara credit yona hernanda tik,negatif,positif
nyala abang,positif,positif
raihkemenangan terbesrmu spesial inislot jackpot limpah,positif,positif
menang tangis bahagia kalah tangis bangga tidak apa bang apa hasil sayang tim nasional semangat rebut juara nya,negatif,negatif
piala aff resmi gelar surabaya piala aff solo piala aff gulir tanggal juni juli stadion manah lapang sriwedari solo,positif,positif
latih perdana jelang kualifikasi piala dunia main tim nasional indonesia hadir,positif,positif
jahat banget wasit nya tidak jadi goal cantik banget goal nya indonesia ferrari arhan batal offside semangat ya tim nasional optimis kalah uzbek,negatif,negatif
beneran wasit dapet dosa mending bacain tweet ngaconya rangorang dapet banget lucu,positif,positif
rumput madya bagusbagus tuh h pakai konser gelora bung karno ya siap,positif,positif
nobar gelora bung karno,positif,positif
apresiasi semi final puluh kualifikasi grup sabar nunggu matang tim nasional,positif,positif
selamat bangga tim nasional indonesia semangat raih juara iii hujat main mending kasih koreksi amp evaluasi dukung main nusa bangsa,positif,positif
last but not least terima kasih juang garuda muda semangat,positif,positif
indonesia vs var indonesia kalah wasit var main x menang x fair play kalah x var wasit kartu merah main lawan letoy pura kalah adu badan alias fair play bikin goal anggap offside,negatif,negatif
pilih pergi tenang azizah shalsa tengkar arhan pratama,negatif,positif
menpora dito ariotedjo kabar baru naturalisasi main turun rumput stadion utama gelora karno sugbk jakarta,positif,positif
moga indonesia juara semangat tim nasional,positif,positif
cek nayaka batik setel kebaya polos modern oneset kavita jemma outfit kondangan wanita set kebaya wisuda ootd cewek kini amara set harga rupiah,positif,positif
bangga banget tim nasional indonesia latih shin taeyong rasa hormat proud juang titik habis keren banget,negatif,positif
uzbek main emang bagus wasit bantuin bersihin jalan final main kena mental serapih match but its oke ketemu uzbek semifinal bangga proudddd,positif,positif
sudut kamera ambil sejajar kaki main uzb garis tanda offside kamera gol korea anulir kemarin tanda garis offside nya,negatif,negatif
bang jay absen bela tim nasional indonesia lawan tanzania irak fokus venezia tidak apa bang jay semangat yak biar serie a,negatif,positif
chance lolos olimpade semangat,negatif,positif
emang bener taut join,positif,positif
wts tiket tim nasional indonesia vs filipina upper section tiket nama dm detail ticket getcontact bank nama,negatif,negatif
tim nasional indonesia trophy bawah asuh latih sty cinta sepakbola tanah air bangga capai skuat garuda cipta sejarah tinggal tunggu terima kasih tum jajar,positif,positif
menang capai menang tempur ucap selamat an pesertayou did it,positif,positif
prediksi togel macau malam mei angka main colok bebas d amp top d top d top d shio kambing twins,positif,positif
wts tiket tanding indonesia vs irak jam cat tribun gelora bung karno jual tidak jadi nonton informasi harga dm only serious buyer bayar saat kirim jakarta bekas,positif,negatif
ft fc dallas austin fc calon punggawa maarten paes buah selamat salah satu stats via djarum,positif,negatif
tiket tim nasional ready upper garuda indonesia vs iraq irak ya harga normal biaya ktiket pakai nama tiket resmi amp asli bayar bank nya testi cek profil dm wts wtb informasi gelora bung karno,negatif,negatif
hei kembang lampau target untung moga kembang sukses ya we proud of,positif,positif
lepas apa hasil bangga makasii juang habis istirahat sehat,positif,positif
sepakbola asia tenggara ekonomi bisnis dunia thun bicara byak dunia khusus,positif,positif
arho apresiasi istri apresiasiin,positif,positif
serang tim nasional marselino ferdinan rafael struick ekspresi menang lawan korea selatan babak adu penalti marselino tim nasional indonesia tembus olimpiade,negatif,negatif
womens afc asi cup fase grup a laga ft indonesia vs korea utara gol il son choe ryu mi kang un hyang ro semangat skuad garuda pertiwi pssi,positif,positif
lambat selamat menang tim nasional indonesia selamat tim nasional indonesia laju semifinal afc haru bangga,positif,positif
its okayyy semangat garuda muda rebut juara,negatif,positif
main abroad tim nasional indonesia kontrak klub habis mana musim,negatif,negatif
rasa hormat dik indonesia jalan sempat peluang dik uzbek emang unggul beberapa sisi lawan khabib orang emang bnyak gimmick gwaenchana dik indonesia shibal saekiya wasitwasitnya,negatif,positif
duga,positif,positif
tuju pria arab lemah letoy lapang kumpul sinikena belai ambruk anyiinggg,negatif,positif
final piala asia jepang sabet gelar juara menang dramatis uzbekistan,positif,positif
ft indonesia uzbekistan gagal masuk final rebut tiga,negatif,positif
kemaren var si tanding playoff olimpiade loh si hubner kemane,positif,negatif
catat sepakbola play off olimpiade tim nasional garuda muda harap,negatif,positif
akur banget tum pssi latih sty kencan double,positif,positif
hiruk pikuknya kaos tim nasional bawa berkah ngantar indonesia semifinal,negatif,positif
pecah x nya mj mantapp,positif,positif
shen yinhao tytydnya tendang emosi jiwa,negatif,negatif
main main,positif,positif
bismillah next indonesia menang lawan jepang tembus finall juara,positif,positif
guysss nyari tiket grey tiket serah tanggal,negatif,positif
full senyum alhamdulillah lolos semifinal,positif,positif
prank var senang unggul ehg bobol si towel tertawa nih optimis,positif,positif
erick thohir harap tim nasional indonesia tampil piala dunia,negatif,negatif
cepat makan hoax nih denger,negatif,positif
naturalisasi main turun main pssi cari lawanlawan kuat salah lawan kuat hadap tim nasional indonesia tim nasional argentina,negatif,negatif
kagum pagi jabani tim nasional indonesia,negatif,positif
wasit main adil uzbekistan main bagus banget presingnya kuat tahan kokoh susah gapai berkat wasit anjj kurang kagum uzbekistan emang main apik banget kelompok usia kenal tim timbang,negatif,negatif
jepang keren banget sattt unggul tidak pakai drama guling guling very proud and congratulations the menang in,negatif,positif
usbeek jatuh mulu lukh lagu,negatif,negatif
afc asi cup semifinal japaniraq goal scorer ryotaro arak,positif,positif
sagil siswa sd kerinci tinggi capai meter umur nih rekrut main basket latih keeper tim nasional garuda,positif,positif
aff cup main kunci absen ekspektasi sob,positif,positif
wasit malam,negatif,negatif
ya sty bilang target tim nasional alhamdulillah kasih rejeki semifinal gagal masuk final ya legowo,positif,positif
hasil piala asia indonesia vs uzbekistan babak semi final,positif,positif
inti revisi uu jagung,positif,positif
rejeki nya proses,positif,positif
kasihan ya cewek uzbek cowonya loyooo kena angin langsung meletoy atlitttttt,positif,negatif
tim nasional indonesia tambah main naturalisasi hadap irak filipina,negatif,positif
jumar berkah full senyum,positif,positif
indonesia kalah uzbekistan ferrari curiga janggal gol anulir,negatif,negatif
klub fc groningen hasil promosi kasta tinggi liga belanda eredivisie musim fc groningen klub main tim nasional indonesia ragnar oratmangoen pinjam klub eredivisie fortuna sittard,positif,positif
jay idzes nyekor how lucky we are have him akan jayadi pahlawan tiket promosi venezia como fc vs cosenza gol fifa,positif,positif
marteen paes main kualifikasi piala dunia,positif,positif
momen tegang adu penalti tim nasional vs korea selatan,negatif,negatif
tidur guys,positif,positif
mental lawan guinea padat jadwal tanding piala asia,negatif,negatif
alhamdulillah ya allah selamat adek maaf nonton mato lengket congratulations boys congratulations latih shin tae yong st in history hebat ya bang towel diem latih taeyong borahae kim taehyung borahae,positif,positif
terima kasih juang,positif,positif
alhamdulillah yaa allah tuntas adu pinaltinya puas nontonnya detak jantung normal,positif,positif
bubaaarbubaaar,positif,positif
tegak kepala api olimpiade nyala rebut peringkat esok kamis bahagia garuda muda dukung semangat tegak kepala,positif,positif
benerin liga bina usia nya malu one season wonder,negatif,positif
tim nasional bangga hadap guinea fakta timtim kalah indonesia,negatif,negatif
kepala witan sulaeman darah kalah tim nasional indonesia guinea jahit tampil witan sulaeman malam lawan guinea gtgt,negatif,negatif
jelang laga tim nasional indonesia vs irak kampuaya latih bukit yakob pantai,positif,positif
selamaattt tim nasional indonesia ku tercintaaa,negatif,positif
semangat garudakuu terimakasih juang patah semangat nyala terbang tinggu garuda,positif,positif
guys beli tiket indonesia vs iraq orang ditawarin,positif,positif
womens afc asi cup fase grup a laga ft indonesia vs korea utara gol il son choe ryu mi kang un hyang ro semangat skuad garuda pertiwi pssi,positif,positif
naruh bawang,positif,positif
uzbek clean sheet ggwpnt,positif,negatif
ending bagong negara konoha,positif,positif
buset main uzbekistan janji koma anjiirrrr,positif,positif
terimakasi juang sepakbola indonesia ayo semangat big hug all,positif,positif
semangat garuda muda semangat dukung kaki setia dukung,positif,positif
jelang lawan guinea witan sulaeman mohon netizen dukung tim nasional indonesia baca lengkap,positif,positif
mari dukung,positif,positif
mimpi sepak bola korea laju olimpiade kali untun blok magis shin taeyong hilang gelembung tulis reporter park soongyu,negatif,negatif
sudah sedih yuk tidur yuk malam bat nih siang loohh lupa sholat isya baca almulk yah good malam moga tidur nyenyak mimpi indah aamiin,positif,positif
prediksi togel japaneven mei angka main colok bebas d amp top d top d top d shio kelinci twins,positif,positif
lihat main uzb ngomong ngomong piala oscar alias banyak akting cok,positif,negatif
doha ya stade leo lagrange markas klub as poissy bangkrut latih lapang qatar university milik kualitas wahid,positif,positif
nt bro,positif,positif
pikir main ekspektasiku tuh tim nasional senggol titan gui jatuh eh balik bangga banget pokok,negatif,negatif
langsung kena mental bgsttt uzbekistan cetak gol,positif,positif
arhan one of the best player just fokus the next round bangga team indonesia pudar,positif,positif
dompet isi tebal kasih refil,negatif,positif
keren support abisss nih istri pratama arhan,positif,positif
fokus target dekat tanggal juni bismillah round kualifikasi piala dunia fifa nathan witan shin tae yong dewangga,negatif,positif
tonton ya arhan azizah,negatif,positif
senang rakyat indonesia adq mahkluk kecewa alas main menang adu pinalti bangga,positif,positif
ingatt dpr sumber aspirasi rakyat bawa,negatif,negatif
ucap spesial presiden fifa erick thohir raya ulang tahun syarifah salma tiktok,positif,positif
main uzbek spek eropa main asia cakep banget kasih bola main bagus cocok banget si rafa ikut lawan nyerang wasit bikin gregetan skip wasit yok indonesia juara yukk bismillah,positif,negatif
wayahe moleh,positif,positif
indonesia s nya semi final cuy,positif,positif
warga indonesia kasih free uang giveaway tebak skor edisi pas hubner main kemarin praolimpic giveaway nuyul gilir menang giveaway ngereport bikin akun orang suspend lucu,positif,positif
did great guys masuk semifinal prestasi maju bangga lepas wasit jancok drama tai hebat sempat perebutin ticket olimpiade semangat,negatif,positif
yah,positif,positif
tim cerah baik mudah puas starsyndrome giur dm selebgram indonesia numpang tenar dewangga marselino bagas fifa,positif,positif
ivar jenner joins indonesia elkan baggott,positif,positif
murah rupiah ribu mudah beli tiket tanding tim nasional indonesia vs filipina,positif,positif
thank boys terimakasih juang terbang milik juara,positif,positif
skorer harap masuk skuad garuda,positif,positif
tarik main nya foto stadion pakai jersey tim nasional latar caption,positif,positif
yah,positif,positif
besok besok ngajak jerome cuy debar cuyyy,positif,positif
panen nih langgan bayar orang streaming resmi nonton piala asia bayar nonton nonton streaming ilegal sponsor judol,positif,positif
yuk cari tiket tim nasional indonesia vs filipina east tiket ktix bayar saat kirim ambil ragu dm ya tiket resmi amp asli trusted testi limpah cek profil dm or wa bio wts wtb informasi gelora bung karno,negatif,positif
wasit bangsat arhan tengok,negatif,negatif
kontroversi wasit indonesia vs uzbekistan cek var penalti langgar cek var goal indonesia anggap offside semangat tim nasional balik wasit tai,negatif,negatif
game over own goal arhan pratama bola ambil ernando arhan sepak bola masuk gawang duh indonesia vs uzbekistan,negatif,positif
proses tim nasional kembang bicara asean asia dunia lihat sepakbola kalahmenang terbang garuda,positif,positif
semangat indonesia juara nih lawan uzbekistan tim nasional piala asia banget nunggu jam mana nobar juara,negatif,positif
assalamualaikum king indonesia lagi di jalan semi final,positif,positif
elkan yuk kato epy kusnandar vina como jay idzes botak rizky ridho djarum venezia,positif,positif
jay idzes konfirmasi bela venezia laga final playoff seriea vs cremonense tanggal mei amp juni indonesia tanggal juni,negatif,negatif
ayo guys tunggu perintah warga negara berfikir kritis biar golong organisasi,positif,positif
cetak sejarah tim nasional kali masuk semifinal biasa nonton king indonesia selesai wel towal towel,negatif,positif
notice but tim kalah fase gugur detik kartu merah jepangiraq kl salah satu kartu merah yaa wallahualam,negatif,negatif
congratulations jepang brilliant saves kokubo mau nang mantap gagalin penalti uzbekistan,positif,positif
tenang masuk peringkat,positif,positif
justin hubner kabar clubtim platih negosiasi,positif,positif
bangga banget ngebuktiin bangkit laga pssi amp latih shin pr bikin team lap tara starting line sih semangat garuda muda,positif,positif
mentang siang thailand dikalahin indonesia si wasit dendam bjir,negatif,negatif
friendly match indonesia vs singapore bentuk main tim nasional putri ya penasaranbelum ikut coba deh nonton sempet live indosiar video wib,positif,positif
dark system lap kutu jerome wasit bobrok shen yinhao aryan param bubble beyond,negatif,negatif
informasi ig wasit ngab silaturahmi biar gimanapun terimakasih indonesia semifinal keren banget thank latih shin taeyong,positif,positif
titik bangga tembus semifinal lampau target good job garuda muda tegak kepala,positif,positif
assalamualaikum semi final,positif,positif
terima kasih tim bangga terimakasih staff latih latih shin,positif,positif
udha bgini salfok shayne tarik wkwk toktok nysabariah,positif,negatif
terima kasih juang tim nasional baik semangat,positif,positif
wts tiket tim nasional indonesia vs iraq juni available tix deret ktix eticket an pribadi dm details,negatif,negatif
ya asa dukung korea selatan pas gol batal var dicetakin kena kartu merah,positif,positif
mas tejo nathan tjoeaon talenta muda idola netizen indonesia,negatif,positif
pakai jersey tim nasional pj gubernur sulawesi selatan pj wali kota parepare nobar indonesia vs uzbekistan lapang andi makkasau,negatif,negatif
nice dream tim nasional indonesia,positif,positif
serang hadiah voucher penalti guinea,positif,negatif
ayo revisi uu jaksa,positif,positif
afc asi cup final goal uzbekistanjapan scorer f yamada,positif,positif
kapten tim nasional terima bonus universitas muhammadiyah surabaya ridho hadiah jersey,positif,positif
pesan wasit wakil netijen indonesia sabang merauke,negatif,negatif
laaahh nyalahin wasit shen yinhao main indonesia emang mending kaca bangkit semangat benah semangat indonesia,negatif,negatif
kasih foto nathan tjoe a on pakai ban kapten obat sakit hati plsss,negatif,positif
wasit e langsung ngungsi,positif,positif
nih juara jepang uzbekistan babak selesai score bosen banget nontonnya tahan samasama rapet susah tembus,negatif,positif
wts open war joki tiket tiket tim nasional indonesia vs irak all kategori biaya ktiket langsung pakai data minat dm langsung gc trusted,positif,positif
lihat tuh badan sempoyongan gampang siwer angin banget luu gokillll,positif,negatif
the bottom of negara asia buang beras negara semenanjing madanistan salam tapak kaki asia,negatif,positif
riski ridho pas kartu merah langsung nonton tim nasional indonesia struick komang keluarga apa putus wasit semangat,negatif,positif
margin tau margin nya tarik tolol,negatif,negatif
tega kepala garuda muda terima kasih juang malam kalah hormat optimis rebut peringkat piala asia esok kamis bangga dukung kalah ku dukung menang ku sanjung,negatif,positif
kah gol mauu towelllll puas kah maniezzzz buru istighfar moga laga semi final tobat ya towel,positif,positif
uzbekistan tambah gol pratama arhan own goal ayo semangat asa garuda uzbekistan indonesia,positif,positif
main shock latih shock tonton shock towel shick shack shock alhamdulillah indonesia menang,positif,positif
yah,positif,positif
qatar sepi tonton indonesia,negatif,negatif
claudia scheunemann gol jarak,positif,negatif
tiket qwc kualifikasi pildun indonesia vs iraq gelora bung karno juni tribunnya ultras garuda detail lihat bawah ya dm ig nya ygy,positif,positif
tim nasional indonesia kalah guinea playoff olimpiade garuda muda mupus harap tampil olimpiade foto dok pssi gtgt,negatif,negatif
shibal sekiya,positif,positif
ganti program tingkat kualitas liga segi manajemen,positif,positif
sty bilek mamam noh telor busuk bandara yaa nohh,negatif,positif
ivar geret lapang pindah ring tinju bang,negatif,positif
ahhhh sweet kali abang abangan tim nasional senior moga kembang yaaa garuda tercintaa,positif,positif
kandang tim nasional,negatif,positif
shin taeyong langsung siap tim nasional indonesia hadap kualifikasi piala dunia,positif,positif
pasca konser kelola gelora bung karno rumput stadion kondisi juni,positif,positif
tim nasional destroyed korea selatan shin tae yong hubner ernando arkhan struick this song tim nasional indonesia,negatif,negatif
yuk lurus berita,positif,positif
dear main latih dokter staf terima kasih bangga,positif,positif
coba lurus anjas asmara jepang korea ajar,positif,positif
tim nasional indonesia masuk dalam grup bb piala aff piala aff rencana tanggal november desember ketemu musuh bebuyutan vietnam nih,negatif,negatif
lepas main superior uzbek kali var hanyak tim nasional indonesia aktif uzbekistan alhasil putus amp rugi indonesia,negatif,negatif
indonesia vs uzbek wasit penuh kontraversi wasit sivakorn wasit shen jerome curse shen yinhao,negatif,negatif
tante inces kali merah nya keri,negatif,negatif
hee wasit shen yinhao rungokno mergo laku detik rabakal nonton film xxx seko negoromutitik ayoo misuhh,negatif,negatif
pov arkhan fikri alhamdulillah hujat indonesia arkhan manusia lega,positif,positif
indonesia semangat rebut tiga wasit china bos china podo ae nggateli,positif,positif
exlgbt jesus jakari s testimony via,positif,positif
did great guys masuk semifinal prestasi maju bangga lepas wasit jancok drama tai hebat sempat perebutin ticket olimpiade semangat,negatif,positif
asli loncat loncat malam rumah,positif,positif
jepang beat uzbekistan menang afc asi cup title here in doha malam ini,negatif,positif
tolong revisi uu jaksa,negatif,positif
berani nonton alhamdulillah hasil bahagia terima kasih main latih shin staff latih we did it asa juang lanjut,positif,positif
lapor media filipina spin juru taktik belgia pantau langsung main turun filipina karier jerman amerika serikat,positif,negatif
pssi umum daftar main tim nasional indonesia vs irak filipina elkan baggot panggil shin taeyong,negatif,negatif
besok kerja full senyum ngantuk ngantuk,negatif,positif
ready tiket idn vs iraq kategori upper minat dm pssi elkan reza artamevia selamat mas jeno sandra dewi fuji arhan nathan tjoe,positif,positif
ngantuk iya beneran dapur,positif,positif
tim nasional indonesia hadap tanzania laga uji coba jelang kualifikasi piala dunia zona asia gelar stadion madya jakarta more,positif,positif
sejarah terimakasih tim nasional indonesia,positif,positif
towel kecewa wkwkwk,positif,positif
bilang mati kau jepang barat,negatif,positif
besok jumat siang,positif,positif
menang jepang uzbek menang piala citra lolos,negatif,negatif
kasihan bat,positif,negatif
moga sempat nyala terima kasih garuda muda bangga,positif,positif
indonesia tanzania juni stadion madya,positif,positif
jepang cahaya asia sorry yee uzbekistan,negatif,positif
jual tiket indonesia vs iraq gelora bung karno pcs harga kpcs zona upper jual pulang kantor tau kick off jam,positif,positif
garuda pertiwi hasil kandas lawan singapura laga sahabat gelar stadion madya gelora bung karno jakarta laga selenggara selasa malam sudah skor indonesia yess girlsss,positif,positif
main bola main sinetron ya ko banyak drama,negatif,positif
cetak sejarha jepang raih gelar juara kalah uzbekistan final piala asia dramatis,positif,positif
garuda muda kecewa kecewa wasit shen yinhao semangat indonesia rebut rd,negatif,negatif
syukur capai tim nasional indonesia wasite dancuk jaran,positif,positif
garuda pertiwi hasil gembira claudio scheunemann dan kawan hasil menang telak singapura,positif,negatif
habis ng hype rl lihat wasit nya adil bukti kamera banget habis lihat tl x langsung tertawa deja vu posisi member lf curangin banyk kuat kuat army and me,positif,negatif
lelah hadap lawan posisi rangking fifa,negatif,positif
bahagia,positif,positif
kerja orang,positif,positif
witan sulaiman beneran haji,positif,positif
nguyen,positif,positif
bangga indonesia semi final olimpiade paris depan mata maju garuda,positif,positif
video kenang mana gol indonesia anulir var wasit harap tiket olimpiade paris moga juara kntl nathan wasit informasi ig kartu merah offside,negatif,negatif
blio,positif,positif
wtb tiket tim nasional vs iraq sect garuda west butuh tix hmu,negatif,negatif
juara ucl musim,positif,positif
taut live streaming jepang vs uzbekistan final piala asia rcti gratis nonton asi cup malam uzbekistan vs jepang,positif,positif
jual tiket laga uji coba tim nasional indonesai hadap tanzania buka pssi sabtu mei,negatif,positif
terima kasih sokong tim nasional langsung stadion semangat keren,positif,positif
done bismillah jumat berkah,positif,positif
alhamdulillah syukur banget tim nasional indonesia i love,positif,positif
yah nama sepak bola modern kemarin diuntungin var bikin patah hati var juang tim nasional kudu apresiasi sing jerome kntl wasit mbokne ancok sekian,negatif,negatif
indonesia masuk babak semifinal jatuh bangun ayooo yoooo semangat,negatif,positif
shin taeyong nilai dalam skuad kunci menang irak shin taeyong fokus,positif,positif
gempa anak sd ps bpjs dil spurs jadwal tanding seru malam taut streaming bio,positif,positif
consistent tanding tim kuat keren,negatif,positif
maarten paes kuat tim nasional indonesia juni depan mata alas,negatif,negatif
seru lur beli tiket posisi lur,negatif,negatif
wow lawan korea lho tim ranking asia tim peringkat fifanya selisih,negatif,negatif
wts tiket tim nasional indonesia vs iraqphilippines garuda west k garuda northsouth k,negatif,positif
wts premium east nih cari gakya tinggal cowok pakai data,negatif,positif
pinalti justin hubner mental,positif,negatif
sedih sih yasudahlah yaa moga tanding terima kasih juang tim nasional dear lawan tolong drama alus sinetron ikan terbang ketoel gulingguling,negatif,positif
baik target tim debut lesat indah titik raih benah jalan terbang garuda apresiasi latih main good job guys,positif,positif
semifinal playoff seri bleg,positif,positif
yaela udan jam malam,negatif,positif
afc womens asi cup group a indonesia vs korea utara k wib i wayan dipta stadium yuk support tanding tim nasional putri group a apa hasil nya gurls lesgow tuntas,positif,positif
indonesia cetak sejarah,positif,positif
selamat pagi epic indonesia hasil pulang korea selatan one step closer olympic paris,positif,positif
hmi sudahh ko bom,positif,positif
mimpi sempurna arema qatar kor indonesia parlay tidur dzuhur,positif,positif
main tim nasional indonesia usaha maximal hasil pihak next projects,negatif,negatif
spertinya filosofi main latih mochi latih shin hilang bola tanggungjawab ambil tuh bola,negatif,negatif
negara butuh orang orang jujur revisi uu jaksa,negatif,positif
orangorang hebat dinamika susah senang canda tawa lalu syukur lang,positif,positif
sakit kondisi main babak nomor penalti nomor goal red card amp main tekan ekspektasi euforia masyarakat indonesia tim nasional nya tampil lolos kualifikasi olimpiade paris good luck,negatif,positif
pesan presiden fifa indonesia bangga tim nasional suara dukung semangat langkah prestasi gemilang lapang internasional,positif,positif
dukung tim nasional indonesia,positif,positif
alhamdulillah,positif,positif
mamah nia tidur nonton laga alhamdulillah ya allah indonesia semi final,positif,positif
abang nya nobar,positif,positif
dunia class tim nasional garuda gokil,negatif,positif
menit ganti main hadehhh,positif,negatif
selamat,positif,positif
indonesia kalah kalah,negatif,negatif
hoki,positif,positif
yang hormat presiden tinggal legacy sepak bola tanah air indikator kerja target selesai kanjuruhan selesai tuntas selesai lepas jabat,negatif,positif
tertawa banget lihat biji tendang indonesia vs uzbekistan afc,positif,positif
bismillaah moga indonesia juara piala asia aamiin,positif,positif
gilir tanding indonesia ditanyangin gratis rcti,positif,positif
rank fifa turun diturunin king indonesia,negatif,negatif
bangga kena kaos,negatif,positif
apresiasi besar garuda muda hebat apa ayo kobarin semangat ngerebut juara,positif,positif
alhamdulillah mantap,positif,positif
taut live streaming tim nasional putri indonesia vs singapura laga sahabat taut live streaming,negatif,positif
piala nya langsung kasih uzbekistan,positif,positif
case var bingung jelek ya putus offsidenya gol indonesia kamera sejajar lihat posisi tangan main uzbek tutup garis kaki ferrari,negatif,negatif
asli,positif,positif
ngomong ngomong sial kalah animo nobar tim nasional hype wkwk yaaa lepas problem referee dan lain hasil reminder bentuk tim nasional kuat seinstant bentuk club with unlimited uang wkwk hope ajar ambil,negatif,negatif
tandain wasit nya rumah nya mana,negatif,negatif
jepang uzbekistan jepang juara piala asia,positif,positif
breaking berita ready tiket tim nasional harga underweb yuk,positif,positif
menyalaaaaaaa banggaaaaaaaa,positif,positif
yukyukkk indonesia vs iraq indonesia vs filipina,positif,positif
guinea drama geje wasit parah terima kasih tim nasional terima kasih sty staff terima kasih garuda muda juang titik bangga keren guys,negatif,positif
jerome bawa sial garagara kalah nih,negatif,negatif
ayo lurus samasama,positif,positif
bravo garuda indonesia,positif,positif
perintah bikin gaduh bambang hero saharjo,positif,positif
mah adu bocah paris lagi di jalan paris latih losbakkk,negatif,negatif
woooow lagiii,positif,positif
garagara wasit nihh hadehhh sih wasit nih info ig wasit turun gunung,negatif,negatif
koo main arah kemanaa,negatif,negatif
badmood,negatif,positif
ridho atur tendang biji,negatif,negatif
tanding indonesia vs guinnea jadwal jam tayang,positif,positif
shen yinhao sih indonesia problematic bgttt,positif,negatif
kasih tari menang sih ngomong ngomong qavar ajak sih wkwkwk,positif,positif
yuk yuk tenang latih patah hati,positif,positif
semangat bangga juang maksimal,positif,positif
kereeen banget kaliaan,positif,positif
shin taeyong bilang sepak bola indonesia cerah kait siap hadap kualifikasi piala dunia,positif,positif
bro uzbekistan menang,negatif,negatif
bukti jaksa bicara,negatif,positif
konferensi pers via zoom malam rabu shin sebut main alami cedera otot ringan akibat tampil intensitas khawatir jelang laga playoff kontra guinea,negatif,negatif
shayne pattynama selesai kompetisi musim kas eupen indonesia tepat bal senin bintang tim nasional indonesia libur sembari tunggu panggil shin taeyong,negatif,positif
untung kembang sepak bola indonesia era terimakasih baik garuda muda juang,positif,positif
goal spektakuler menitmenit krusial,positif,negatif
media tolong kasih panggung towel,negatif,positif
terima kasih terima kasih terima kasih terima kasih dukung hadir langsung stadion semangat,positif,positif
paten kali jagung nih,positif,positif
lololo endingnya,positif,positif
yuk bangkit yuk bom rebut posisi,positif,positif
oot ya kali imbang korea selatan piala asia skor tim nasional kalah korsel adu penalti skor congratulations,negatif,negatif
lagilagi rakyat kena tipu isuisu kacang,negatif,positif
coba cek tokopedia deh harga rupiah,positif,positif
jebol own goal arhan,positif,positif
bravo timnasu indonesia,positif,positif
ku momen menang pas arkhan tendang wkwk ernando struick,negatif,positif
alam tim nasional ajar pakai masa sepakbola indonesia sabar tuju tim nasional adlh msk olimpiade menang ikhlas yaa main netizen indonesia,negatif,positif
main tim nasional indonesia justin hubner aku celaka terbang klub cerezo osaka,negatif,positif
teruk gila ref game ni,positif,positif
sepakat pemuda salah lurus pemuda cerdas hera beliau tum,positif,positif
berontak terima kalah tolak ketidakadilan konteks afc ya sah kputapi,negatif,positif
prediksi togel jakarta pools mei angka main colok bebas d amp top d top d top d shio ular twins,positif,positif
tim nasional wanita indonesia menang skor telak singapura laga uji coba internasional stadion madya jakarta selasa malam,negatif,positif
kali marsella bikin gol jarak,positif,positif
selamat jepang tampil pamungkas jawara by the way naturalisasi kah main pro jepang tim nasional moga bakat bakat lokal negeri bangkit ontrend istri alfamart stop sok ganteng,positif,positif
yah tim nasional jago,negatif,positif
promo hari baru ibet bonus rb klaim kali hari batas all slot bebas ip bebas buy spin taut daftar,negatif,positif
piala asia recap indonesia players uzbekistan player referee man of the match uzbekistan the fckn referee,negatif,positif
paham lelah pikir henti main kalimat motivasi dampak apaapa,negatif,negatif
beli tiket tim nasional indonesia vs filiphina tanggal juni data email payment biaya ktiket tinggal north east premium ajaa wts wtb timnasday,negatif,negatif
anjirr hasil idn kor gaes selesai teliti,positif,positif
cek set kebaya kutu modern yuk yuk rekomendasi kebaya wisuda,positif,positif
nobar dar tonton tanding ritual sosial hidup kafekafe lapang ruang tamu kuat ikat komunitas,negatif,positif
minat west garuda tim nasional vs filipina,positif,positif
papa papa tambah koleksi kartu kuning,positif,positif
latih tim nasional indonesia shin tae yong mobil hyundai motor indonesia,negatif,positif
laga warna kartu merah latih tim nasional shin taeyong menit akibat protes wasit hasil guinea lolos olimpiade paris terima kasih juang garuda muda,negatif,positif
bingung tiket tim nasional ready tiket terus ya indonesia vs iraq amp filipina ready kategori upper ya upper kosong biaya k tiket tiket asli amp resmi jual an tiket testimoni percaya dm wts wtb,positif,positif
cakep banget kemarin tim nasional goalinnya alhamdulillah semi final,positif,positif
janji indonesia menang lawan oppa oppa korea stop nonton drakor hari,negatif,positif
kena akumulasi kartu ya anjir,negatif,negatif
tengkyuuu tim nasional masuk semi final keren pol menang curang menang sungguh,negatif,negatif
indonesia hasil lolos semifinal kalah korea selatan empat final baca berita lengkap,negatif,negatif
alhamdulillah jumat mei laksana bagi jumat berkah kolaborasi mills,positif,positif
hotel syariah batu malang cek malam seos,negatif,positif
reva sang ubah main,positif,positif
babak bur laga piala asia wanita latih satoru mochizuki aku kurang tim nasional putri indonesia,negatif,negatif
artis mei washio sinopsis eksplorasi titik sensitif join telegram amp taut nonton sub indonesia taut cuan,positif,positif
emang bener indonesia tuh kuat ya kalah duit bayar wasit pakai korupsi sih duit bayar wasit,negatif,negatif
edar video pilot helikopter duga serang helikopter presiden iran intelejen iran pilot agen mossad nama eli copter cek video celaka helikopter,negatif,positif
harga lengkap tiket vs irak filipina kualifikasi piala dunia upper rupiah terus rupiah northsouth rupiah terus rupiah westeast rupiah terus rupiah premium eastwest rupiah terus rupiah,positif,positif
pionbet pionbet selasa vietnam zizan mahasiswa raditya dika,positif,positif
silah mutiara,positif,positif
duga,positif,positif
justin hubner terimakasih cetak gol penalti kali,positif,positif
analisa dampak putus wasit china shen yin hao afc asi cup turun kuota buruh impor china indonesia,negatif,negatif
duga,positif,positif
jumat tim nasional open vcs sosmed konten pribadi wa,negatif,negatif
piala asia juang indonesia lanjut,negatif,positif
kali latih shin taeyong nemeni joged,positif,positif
menpora puji semangat pantang serah garuda muda hadap irak ranking fifa irak,positif,positif
hahahaa beneran tertawa sih lihat model witan sehatsehat ya witan,positif,positif
ketemu final ya,positif,positif
jepang juara selamat,positif,positif
did a great job tim nasional semangat rebut juara,positif,positif
mental orang hancur keti menghujam,positif,positif
ya indonesia semifinal indonesia kalah korsel ernado cetak gol waw waw waw waw waw korsel vs indonesia pinalty korsel vs indonesia,negatif,positif
barang yah patut curiga,negatif,negatif
salah abang kuh api nih asianabet nih bos senggol salah abangkuh,negatif,negatif
orang,positif,positif
shoot jarak bahaya main uzbekistan selamat kiper jepang jepang vs uzbekistan,positif,positif
tribunnya kosong cuy,negatif,positif
tim nasional indonesia gagal laju final piala asia takluk tim nasional uzbeksitan babak semifinal garuda muda kalah pasu serigala putih muda skor,negatif,negatif
gol penalti arho,positif,positif
leo kokubo is emiliano martinez in this final selamat tim jepang,positif,positif
indonesia kalah laga malam sesal jabat publik jauh sedia poster ucap selamat menang komposisi foto jabat ukur lebih foto main latih tim nasional,negatif,positif
kecewa main garuda muda kerja keras jatuh bangun,negatif,positif
akibat ulah oknum simpang siur,negatif,negatif
kalah mental kalah kualitas kalah alam maennya lepas pakai emosi maennya moga menang rebut juara lolos olympic,negatif,negatif
terimakasi tim nasional muda indonesia terimakasi latih tim ayo bangkit semangat ayo juang posisi good job gais,positif,positif
mantap nih indonesia final ketemu vietnam southeast asia supremacy,positif,positif
indonesia hasil singkir raksasa asia korea selatan babak adu pinalti indonesia lolos semifinal piala asia reaksi towel,negatif,negatif
alhamdulillah ya allah,positif,positif
kuat mental anjing gol anulir garagara offside nya pinalti pinalti maaf izin pamit kuat wasit var thailand anjing emang,negatif,negatif
karang pawitan merah nyala darderdor kena prank stay proud,positif,positif
fix lagi di jalan shalat jum at jam bantu abang marbot nyapu kepel nata kotak amal,positif,negatif
tiket nih kali minat,positif,positif
preman nih cuy jual sikattt jussa wakil banget untung doi lost kontrol wkwk,negatif,positif
next match perkasa terbang garuda,positif,positif
bilang kelas blunder maksimal aman main cc ketua pssi lapor,positif,positif
bayangin suruh ulang tendang pinalty nangiss nang trauma berat tendang keren mental brodi,negatif,negatif
semangat garuda muda,positif,positif
duga cipta kondisi imbas kemanamana,negatif,positif
indonesia menang bikin giveaway nya yakkk,negatif,positif
set taut live streaming voli avc challenge cup wanita tim nasional voli putri indonesia vs kazakhstan live streamingnya,positif,positif
negara negara kalahin tanding timnasday jerome polin wasit,negatif,positif
menang tim nasional warga indonesia kecuali towel ajak bro wkkwk,negatif,positif
bangga,positif,positif
pokok begadang gembira lihat laju semifinal towel sty,positif,positif
malam emosi turun lihat putus putus kaya lampias rewatch bioskop deh,negatif,negatif
ko main arah mana kasihan rakyat korban,negatif,negatif
panglima tni komitmen aparat berantas kstp,positif,positif
emang layak seprofessional latih sty negara lahir sikaaatt bayang si korsel indonesia netizen nya geruduk sosmednya ngerujak macem,positif,negatif
komposisi baik the best hasil baik yuk,positif,positif
tidak-apa-apa keren hebat terimakasih tahan semi final lawan tim nasional malam uzbek wasit resenya naudzubillah,negatif,negatif
apa fino alla fine indonesia,positif,negatif
jujur nonton selesai uzb unggul bangga juang anak muda indonesia,positif,positif
gates of olympus yuk log in main gamenya lupa cek halaman promosi promo tarik oyod taut vip sananta ridho,positif,positif
gol cantik struick penalty savenya nando shoutout captain rizky ridho underrated ganti orang kunci securenya backline kokoh tenang ngelead aset nasional,positif,positif
bangun pas mimpi seru seru nya bikin sesak seengaknya mimpi main olimpiade main aff,positif,positif
jadwal aff cup november myanmar vs indonesia november indonesia vs laos november vietnam vs indonesia des indonesia vs filipina juara grup,negatif,negatif
bagus main wasit bener moga garuda muda pulih tenaga amp mental kuat sempat tiket olimpiade proud of yall,positif,positif
selamat jalan wajib militer dek korsel,positif,positif
ajar lihat semi final malam cowok ringkih banget gulingguling,negatif,positif
tim nasional jepang kalah lawan tim nasional korsel tim nasional korsel kalah lawan tim nasional indonesia tim nasional indonesia kalah lawan tim nasional uzbek tim nasional uzbek kalah lawan tim nasional jepang jepang juara ngeprank wkwk,negatif,negatif
jepang congratulation,positif,positif
momen tentu lolos tim nasional kenputaran wcq nyari jersey tim nasional versi mills nih player issue home k layer issue third hitam k,negatif,negatif
wasit shen yinhao cek var kartu merah,negatif,negatif
semangat tim nasional,negatif,positif
ges tidur tim nasional lolos,negatif,negatif
wasit tanding anjing babi timnasday,negatif,negatif
shin tae yong hujat negara netizen indonesia kasih lihat ganas sihh,negatif,negatif
suka aa aa sunda cuek banting stir mas mas jawa,negatif,positif
ft indonesia vs uzbekistan semangat rebut peringkat tiga juang,positif,positif
rileksasi cari keringat ala rizky ridho pulang rumah habis fokus kualifikasi piala dunia,negatif,positif
tim nasional indonesia menang adu pinalti maju duludulu kandas adu pinalti,negatif,negatif
selasa besok sedihh hari tipu cok wasit,negatif,positif
ayo indonesia,positif,positif
babak final afc jepang vs uzbekistan first half additional mute taut live streaming,negatif,positif
simpel banget busa mimin beli masib awet murah lyodra indonesia tim nasional,positif,positif
tim nasional keren banget,negatif,positif
tidak-apa-apa kalah deh tidak sabar tim nasional indonesia main kualifikasi piala dunia yuk erick thohir naturalisasi main kualitas witan arhan,positif,negatif
ukir sejarah menang final oke,negatif,positif
yuk yuk juara,positif,positif
main nampaknya jabat negara budiman wkwk,positif,negatif
praktis ragnar kasta tinggi eredivisie musim memliki kontrak fc groningen isi salah main turun malu joey palupessy incar naturalisasi latih sty wujud,negatif,negatif
story zize arhan lucu banget woy,positif,positif
hello semifinal garuda,positif,positif
alhamdulillah tim nasional menang jumat berkah,positif,positif
ganteng banget lakik orang baligawat demen papa shayne,positif,positif
semifinal asia cup,positif,positif
tau nyari cn si camo size tag original art jual murah bawah,positif,positif
satu kalah indonesia wasit var catat nama bawah libat tanding tim nasional level mana,negatif,negatif
adi satryo panggil tim nasional indonesia siap kualifikasi piala dunia respons bos psis semarang via,positif,positif
langgan majalah suara hidayatullah hubung wa alhamdulillah ya allah fifa afc negara lucu hujan bidan,positif,positif
alhamdulillah,positif,positif
tiket nonton eui,positif,positif
dejavu tau momen tim nasional diprank peluit terimakasih shin tae yong,negatif,negatif
wkw savage ernando,positif,positif
alhamdulillah proud indonesia,positif,positif
pic tambah detail jersey,positif,positif
dua putus batal gol pinalti hinhga keluar kartu merah main indonesia mafia,negatif,negatif
arkhan fikri belikan mak hujat indonesia mak,negatif,negatif
optimis rebut posisi tiga,negatif,positif
daftar main tim nasional indonesia panggil shin taeyong fifa matchday juni laga lawan irak juni laga hadap filipina juni,negatif,negatif
did it well guys proud of selamat istirahat timnasku semangat match rebut juara,positif,positif
tanding mma bonus gol drama guling si uzbekisvarr wasit berkah woii,positif,negatif
hmm nih negara hancur,positif,positif
tum pssi erick thohir harap program makan gratis hasil bibit unggul tim nasional indonesia keramas dinda magelang boba,positif,negatif
ft indonesia uzbekistan wasit ferrari offside var knorchaev arhan pratama hasil baik bangga tim nasional dukung tim nasional rebut juara,negatif,positif
wakil suara netizen suara aju minta maaf jadi bau ras tim nasional guenia harap hubung olahraga sepak bola guenia indonesia depan sportif,negatif,negatif
terimakasih bang jepang,positif,positif
kirakira sebab tiket laga demand manfaat hehehe filipina,positif,positif
tunggu silaturahmi,negatif,positif
pesan khusus dukung garuda muda presiden fifa gianni infantino laga indonesia vs guinea kamis ajak cinta tim nasional indonesia dukung tim nasional sepak bola semangat garuda muda,positif,positif
ft irak indonesia,positif,positif
tanam panen,positif,positif
kegacoran xavi rb leipzig,positif,positif
wasit anjg luar penalty arhan wasit witan dewangga shin tae yong shibal,negatif,negatif
mahasiswa salah hmm,negatif,negatif
berita tim nasional indonesia baru mees higher kevin diks,negatif,negatif
alhamdulillah yaa allah subuh gembira terima kasih menang indonesia sukses tim nasional indonesia,positif,positif
revisi uu jaksa,positif,positif
henti langkah garuda muda semifinal uzbek bantu wasit shen yinhao,negatif,negatif
pindahin king indonesia turnamen eropa sih,positif,positif
hmi blumm nih,positif,positif
p cari lawan padan king indonesia,negatif,negatif
congratulations uzbekistan kualitas afc asi cup champion,positif,positif
kalah ya bang semangat besok libur koq,positif,positif
selamat jepang juara uzbek,positif,positif
pssi klaim mahal harga tiket laga tim nasional indonesia vs irak masalah suporter garuda,negatif,positif
momen gol ferarri anulir,positif,positif
main situs slot depo k seru main slot deposit ribu untung deh rugi cobak,negatif,positif
jepang uzbekistan tim nasional jepang juara piala asia kalah uzbekistan juara jepang uzbekistan irak indonesia,negatif,positif
indonesia vs irak garuda tribun timur,positif,positif
jadwal tournoi maurice revello indonesia vs ukraina wib indonesia vs panama wib jepang vs indonesia wib italia vs indonesia wib,positif,positif
informasi akun wasit nya,negatif,negatif
informasi ig wasit asli silahturahmi,negatif,negatif
laga warna kartu merah latih tim nasional shin taeyong menit akibat protes wasit hasil guinea lolos olimpiade paris terima kasih juang garuda muda,negatif,positif
wasit janc nabung dosa ye,negatif,negatif
cipta kondisi imbas mana,negatif,negatif
wikipedia guinea wkwk fix fifa situs nya typo,negatif,negatif
selamat tim nasional,positif,positif
semangatt gaess sempat go paris rebut peringkat,negatif,positif
witan sulaeman tanding match indonesia vs irak filipina kualifikasi piala dunia zona asia moga haji mabrur,positif,positif
wajar yen kalah wing target e mung tekan semifinal,negatif,negatif
kereeen banget kaliaan,positif,positif
loker kfc bekas crew restaurant lulus smk kalah jerome towel fifa sananta fomo iraq nathan arhan hubner,positif,positif
ya sudah rapopo sc tiktok abdulrohmannurarifin,positif,positif
wts tiket tim nasional indonesia vs philipina available tix bebas pilih cat tix pakai data,negatif,negatif
king ernando mode rasuk emi martinez nyala abang,negatif,positif
korea korea,positif,positif
jujur tim nasional overachieved sih dar ngeexpect semifinal tim nasional indonesia bangga,negatif,positif
indonesia menang puji kerja wasit indonesia kalah sumpah serapah wasit tau wasit,negatif,negatif
dapet tiket paris laki performa hebatnyamasih tanding tunggu semangat,positif,positif
terima kasih erick latih sty tim nasional kerja keras juang indonesia betapa bangga supporter indonesia,positif,positif
kokubo man of the match final kali sihh,negatif,positif
goal idn sgp merinding beneran pas lagu garuda dada menit hasil bobol gawang lawan,positif,positif
exco pssi kabar baru maarten paes kantong celah konfirmasi knvb langkah,positif,negatif
terimah kasih juang,positif,positif
kasihan indonesia yelah referee harem goal offside first repek tidak apa indonesia bangga,negatif,negatif
semangat tegak kepala prestasi juang rakyat indonesia dukung terbang garuda,positif,positif
gila yak nyalain kembang api woy parah banget sit sit bangga tim yuk yuk rebut juara keren banget,positif,positif
love tim nasional indonesia makas main keren semangat,positif,positif
terimakasih tim nasional terima kasih latih sty bangga the referee out of the box,positif,positif
main jaksa jaksa,positif,positif
sakit darah lets join taut bawah,negatif,positif
tambah indonesia lolos semifinal,negatif,positif
sty marah wasit pakai bahasa y inggris kampung korsel,negatif,negatif
heii warga indonesia kecewa score tanding indonesia vs uzbekistan indonesia masuk semifinal capai baik,positif,positif
hasil indonesia vs guinea babak garuda muda kalah sty ganjar kartu merah guinea fifa pssi witan suleman,negatif,negatif
tuh lihat iya latih lempar telur guling gacor shin taeyoonnggg,positif,positif
diem otak tuh yak,negatif,positif
laku,positif,positif
nasib pratama arhan trending x masuk menit debut k league kartu merah,positif,positif
kopi dingin minum lihat bang tim nasional daya terimakasih wasit adil,positif,positif
prediksi togel shanghai mei angka main colok bebas d amp top d top d top d shio naga twins,positif,positif
hayo bukti nih jaksa ngomong,positif,positif
warga negeri wajib syukur mndoakan menang semi final,positif,positif
harga tiket laga tim nasional indonesia lawan irak filipina roket banding lawan vietnam gelora bung karno creator dio,negatif,negatif
sule mbappe ku sikat vincius,positif,positif
sponsor mie nyemek cak dul,positif,positif
harga promo jersey tim nasional indonesia erspo fullprinting murah,positif,positif
tolong kunciin nathan tjoe biar bolakbalik qatar heerenveen,negatif,negatif
easy menang kali pedrod broo mj nya terusss,negatif,negatif
juang maksimal fokus kualifikasi,positif,positif
shin taeyong ungkap kecewa ketidakadilan wasit,negatif,positif
keren banget,positif,positif
inti revisi uu jagung,positif,positif
cipta kondisi ending nya imbas kemanamana,negatif,positif
main lokal diam shin taeyong puji aksi marahmarah nathan tjoeaon rekan tim piala asia,positif,positif
tim nasional tim keren banget terima kasih terbang banget bangga ayok semangat rebutin tiket olimpic,positif,positif
lagilagi rakyat kena tipu isuisu kacang yu lurus samasama,positif,positif
mampus emang enak main drama shibal moga wasit kena karma dasar wasit taii,negatif,negatif
terimakasih garuda terbang,positif,positif
via statistik akun marselino ferdinan tempat urut main kreasi xt expected threat netizen negara lucu expected threat,positif,positif
jerit harga tiket tim nasional indonesia vs irak roket,negatif,positif
seruuuu nobar ramai ramai om main drama temenku body shaming mulu,negatif,negatif
sabar ygy,positif,positif
var penalti,positif,negatif
ready vcs say k jam basa basi ragu skip ya aaliyah malam minggu,negatif,positif
wasitt masalah pilih sihh hahhh,negatif,negatif
cengang gol claudia marsela awi ikut,negatif,negatif
ayo angkat bicara,positif,positif
lagilagi rakyat kena tipu isuisu kacang yu lurus samasama,positif,positif
negara lucu marselino tulang skor jepang unggul final afc cup jepang vs uzbekistan taut arabic taut bahasa,negatif,positif
orang bangga promosi produk afiliasi teroris zionis kalah boikot produk zionis alhamdulillah ya allah rcti struick,positif,positif
alas bg jay bela tim nasional indonesia padhal bidik tim nasional belanda,negatif,negatif
terima kasih garuda muda,positif,positif
alhamdulillah keren banget main mental selang olimpiade bismillah,positif,positif
tim nasional indonesia vs guinea tau badan otot senggol bocil ya lemah,negatif,negatif
kalah menang juang next match moga juara,negatif,positif
goal ikonik messi maradona,positif,negatif
our team alr did their best tau semangat garuda muda,positif,positif
wts tiket tim nasional indonesia vs iraq garuda upper harga by dm nomor harga calo,positif,positif
selamat uzbekistan lawan sulit good job tim nasional,positif,positif
keburu abis dipasarin mulu stok kah deck,negatif,negatif
gaduh nih jagung netizen salah kaprah,negatif,negatif
sih main uzbekkkkkk,positif,positif
wasit,negatif,negatif
well done ambil mahkota king,negatif,positif
menang curang berkah keras tim nasional we have next performance another moga wasit bener,negatif,positif
terimakasih juang semangat proses rintang wasit gebleg hadap,positif,positif
shin taeyong sikap dingin tanggap elkan baggott elkan panggil laga internasional juni,positif,positif
assalamualaikum semifinal,positif,positif
hahaha nyungsep tanggung,negatif,negatif
dapet giveaway rentet semifinal,positif,positif
ft idn vs uzb uzb layak menang unggul goal maennya bagus dalam skuadnya mantap latih gontaganti main kaya main friendly match sempat indonesia olimpiade paris,positif,positif
dasar wasit alat kelamin pria,negatif,negatif
pas arhan tendang refleks bilang azizah salsha,positif,positif
bukti islam bawa mundur sosial cleopatra wanita pandai cantik maju teknologi ilmu tahu zaman budaya islam masuk mesir mundur hancur mesir guinea,positif,negatif
terimakasih garuda juang semi final ayo juang tiga,positif,positif
jus indonesia kalah bangga bravo tim nasional watch jus indonesia free non membership only on,negatif,negatif
terima kasih bangga garuda muda kecewa kecewa wasit shen yinhao yok semangat indonesia rebut rd,positif,positif
jadi momen nobar rajut satu satu polres trenggalek fasilitas giat nonton bareng nobar tanding semifinal sepak bola juara sepak bola internasional qatar temu indonesia vs uzbekistan,negatif,positif
thank king indonesia hebat hebat prok proookkk selamattt juara gas olim,positif,positif
indonesia vs uzbekistan cek var penalti langgar cek var goal indonesia anggap offside semangat tim nasional balik wasit tai,negatif,negatif
bilang,positif,positif
wts tiket tim nasional dunia qualifiers indonesia vs filipina selasa juni available tix upper zone nett ticket eticket an pribadi salah beli,negatif,negatif
riil definisi jamaah sholat jumat bahagia,positif,positif
bangga tim nasional,negatif,positif
terimakasih tim nasional indonesia juang lawan main lapang koment like ya guys tanding malam,positif,positif
hasil drawing aff gelar solo grup c bilang grup neraka,negatif,negatif
head up boys semifinal beyond expectation sempat match paris hebat guys,positif,positif
,positif,positif
bojonya jijah bisa nyumbang gol,positif,positif
diskualifikasi,positif,positif
pikir realistis suruh pindah negara,negatif,negatif
menang bantu wasit tengil latih guinea kaba diawara tanding babak unggul ulang lini ubah nyata foot,positif,negatif
dimasukin eh dimasakin kopi stamina bikin main tahan beli shopee korea shin tae yong hubner towel pagiii,negatif,positif
mentok tidak-apa-apa good job tim nasional tingkatin level kualitas nya semangat,positif,positif
ya allah tanding tegang ucap selamat indonesia,positif,positif
lepas masuk semifinal prestasi maju bangga hebat proud,positif,positif
ernando tidur pules habis tidak ada pikir,negatif,negatif
tni au al kopassus ayo siap alutsista canggih rata thailand,positif,positif
ayo ayo kemarin bilang struick lemah langsung sembah gol maaf gih,positif,positif
silah netizen wasit arhan,positif,positif
tim nasional ku nyala terima kasih tim nasional garuda bangga terima kasih latih shin tae young proud of garuda muda,positif,positif
main lokal diam shin taeyong puji aksi marahmarah nathan tjoeaon rekan tim piala asia,positif,positif
muhammadiyah salaf wahabi mbappe epy kusnandar mahalini ras timnasday,positif,positif
hasil babak tim nasional indonesia vs guinea serang petaka garuda muda selengkapnyagtgt,negatif,negatif
yah mudahmudahan pas lawan irak filipina kondisi rumput sugbk malumaluin tau konser pindah venue tanding,positif,positif
epy kusnandar vina como jay idzes botak rizky ridho djarum venezia live streaming sprint race motogp lemans perancis taut,positif,positif
dukung tim nasional menang gemar dukung lanjut suka duka harga,positif,positif
nyata sesuai gagal bukti ikhtiar usaha doa terima terima hasil asa raih target semangat garuda muda,positif,positif
bikin hp nonton mkin cakepp cek,negatif,negatif
emang sih sananta kadang main bagus banding mas mending sananta sih sukses,positif,positif
ya tuhannnn,positif,positif
jual smartphone apple iphone plus gb blue rupiah informasi lengkap klik jumat,positif,positif
jadwal lengkap tim nasional indonesia semangat garuda muda,negatif,positif
tahajud hasil genks,positif,positif
apresiasi main indonesia official tim indonesia suporter indonesia langsung layar kaca lupa mistar gawang bobol,negatif,positif
rizky ridho straight red ridho clearance bola layak red card kahhh wasit kacau dunia nama orang malam penuh ketidakfair an,negatif,negatif
bahagia rasa wilayah papua kelompok separatis bunuh rakyat papua hilang,negatif,negatif
main jajar latih dukung tim nasional terimakasih bahagia pagi moga jerih payah amal akhirat kelak goyah olimpiade mata moga,positif,positif
hmi blumm nih,positif,positif
kali nonton sakit perut,negatif,negatif
wasit duit nih wkwkwkwkwk,negatif,negatif
terima kasih juang tim nasional,negatif,positif
statistik wo oyeee sih,positif,positif
wakti kick off ubah,positif,negatif
elkan baggott main peluang indonesia olimpiade paris baca tribun kaltim edisi mei,positif,positif
wajar mental main indonesia drop semangat gol anulir putus wasit rugi tim nasional indonesia,negatif,negatif
selamat tim nasional indonesia hasil kalah tim nasional korea selatan babak piala asia laksana qatar hasil mengalahlan negeri gingseng sejarah tim nasional muda garuda,negatif,negatif
wasit niup peluit kayak prit prit prit mulu wkwk ecek var ecek ig story uzbek badan gedegede letoy jatuh mulu jerome disalahin mah emang orang,negatif,negatif
kalah sebar tim nasional indonesia uber cup thomas cup sepak bola tim nasional tim nasional indonesia putri,negatif,negatif
banggaaaaa,positif,positif
rafael struick ivar jenner gabung fansnya adek nathan nih nathan belah,negatif,positif
damnown goal yaudahlah bangga,positif,positif
jadwal playoff indonesia vs guinea olimpiade paris shin tae yong rafael struick el klemer hubner korsel nathan rizky ridho lolos king indonesia sty marcelino erick thohir elkan baggot,negatif,negatif
bagus banget main tim nasional indonesia bangga capai,negatif,positif
aku statistik tim uzbek unggul lawan tim nasional luarbiasa terima kasih bangga tim nasional garuda muda evaluasi fokus raih juara,negatif,positif
spill nama lengkap wasit paku karat nih,negatif,positif
fake gandu lun katwa k ao ganduo itna larki bnnay ka shok hai tou,positif,positif
organisasi mahasiswa berfikir kritis,negatif,negatif
tim nasional indonesia laju semi final piala asia,negatif,positif
main naturalisasi liga potensi pilih shin taeyong piala aff nomor bintang borneo fc,positif,positif
congratulations tim nasional indonesia bener mental nya ernando kelaaaaassszz terimakasih latih shin tae yong kereeenn,positif,positif
main arah mana,negatif,negatif
el klemer el klemer nya,negatif,negatif
mauliate garuda,positif,positif
cinta al quran ansor banser jungwoo dirty vote hoshi renjun motaz coachella seungkwan dortmunt haechan gaza yeonjun shinyu joselu grok kendrick hybe bernabeu lakers fedi nuril utbk snbt aurora sancho army kipk,positif,positif
jumat berkah alhamdulillah,positif,positif
wts ready tiket tim nasional vs irak filipina tanggal juni sisa slot minat dm,negatif,negatif
senyumsenyum khatib,positif,positif
terima kasih garuda muda kalah uzbekistan semifinal gol indonesia anulir wasit wasit keluar kartu merah rizky ridho wasit kntl nyala semangat rebut juara santet eh spil wasit nya,negatif,positif
mari lurus masalah lurus,positif,positif
terima kasih garuda muda juang rejekinya olimpiade ajar depan tim debut afc cup play off olimpiade salut,negatif,positif
adi satryo jaga gawang tim nasional indonesa senior lahir juli kota tanggerang adi satryo main klub liga psis semarang,negatif,negatif
emang kelas mahasiwa lurus hal emang salah,positif,negatif
syukur lahir zaman a malam tidak ada lose semifinal here we come,positif,positif
ya sudah,positif,positif
tim nasional indonesia vs korea selatan garuda menang adu penalti full senyum ukir sejarah,negatif,negatif
main baik europa league,positif,positif
proud rebut juara semangattttt congratulations uzbekistan team deserve more,positif,positif
wasit var thailand rugi tim nasional indonesia,negatif,negatif
barang yah patut curiga,negatif,negatif
wts tiket tim nasional biaya dm yaaaa ko tenang,positif,positif
huwaaaa senang banget indonesia lolos semifinal makasiih ya allah,positif,positif
,positif,positif
loh kann mainmain,positif,positif
sadar kelen gol ssuai pemaen team selamat dedek gemesku unch top an diayamayamin ih wkwk king indonesia bossss meledakkk abangkuuu sty saranghae,positif,positif
kangen nonton tim nasional era nonton ya nonton harap kalah prediksi,negatif,positif
gol tutup garuda pertiwi cetak reva octaviani saksi highlights tim nasional indonesia video,negatif,negatif
kelazzz banget kakek lets join taut bawah,positif,positif
tuntas jepang rengkuh gelar juara kali gol fuki yamada laga final satusatunya gol sarang gawang uzbekistan turnamen syukran qatar ilaa liqaa,positif,positif
bismilah,positif,positif
tinggal tidur bangun dapet kabar alhamdulillah,positif,positif
guys kalah diapain terima emang rezeki indonesia babak final semifinal bangga banget,negatif,positif
gol singapura,positif,positif
alhamdulillah cari juara,positif,positif
sepakat pemuda pemuda keren cerdas,positif,positif
tim nasional sepak bola indonesia kancah asia tenggara baca lengkap,negatif,negatif
prediksi togel hebei pools mei angka main colok bebas d amp top d top d top d shio ular twins,positif,positif
kl curang tim nasional mundur ajang,negatif,negatif
full attack tahan main sabar bacoott inti,positif,positif
emang kalah fisik sih,negatif,negatif
detik detik jepang juara final piala asia qatar,positif,positif
thank much guys bener bener juang patut apresiasi tinggi bangga bangga,positif,positif
lupa sholat jumat,positif,positif
tim nasional putri kog sangar mainne yen tanding mesti kalah,negatif,negatif
silah maki wasit,negatif,negatif
semangat tim nasional goals juara minimal masuk olimpiade biar dukung,positif,positif
pokok sayang ridho bgttt,positif,negatif
pionbet pionbet selasa vietnam zizan mahasiswa raditya dika,positif,positif
bilang indonesia menang libur nasional,positif,positif
ft jepang uzbekistan jepang juaraaaaa piala asia ucap selamat samurai biru,positif,positif
hasil jepang vs irak april jepang unggul gol babak,positif,positif
woy referee negara kau dapet proyek king indonesia bela fak teh,positif,positif
kaos polo lacoste original rb taut shopee shen yinhao jerome arhan kartu merah kntl fomo struick wasit sivakorn puudom cek var bojone heru budi offside sananta informasi ig shibal iraq gara badan,negatif,negatif
the real juang darah tim nasional mah,positif,positif
tidur nyenyak,negatif,positif
latih shin taeyong main tim nasional asisten latih tim medis interpreter staff apresiasi setinggi ucap kerja keras terimakasih sungguh terimakasih,positif,positif
heyy turnamen target capai lho semangat dik adik biarpun kalah uzbekistan wasit,negatif,positif
trans pagi kepo insiden min hee jin ador bang si hyun bola olympic kalah indonesia ytta konflik agens,negatif,negatif
puji tuhannnnnnnnn,positif,positif
netizen kepo skuad tim nasional indonesia elkan baggott maarten paes sorot,negatif,negatif
abangabangan tim nasional senior thom haye shayne pattynama ragnar oratmangoen jay idzes nobar virtual tim nasional indonesia vs korea selatan reaksi seru banget,negatif,negatif
terimakasih shin tae yong,positif,positif
tambah ganjar,positif,positif
mantap menang tarohan,positif,positif
terima kasih tim nasional indonesia,negatif,positif
sudaahh tidak apa kalah menang qadarullah tunjuk dunia support indonesia apa jng salah usaha,negatif,negatif
main silah sek bang,positif,positif
bahagia nama sepak bola,positif,positif
gol pratama arhan tutup drama adu pinalti korea selatan,negatif,negatif
nobarr sekeluargaaa,positif,positif
fomo selamat tim nasional muda garuda ngomong ngomong witan kiyowoo,negatif,positif
tim nasional indonesia gagal olimpiade kalah guinea,negatif,negatif
muh bangga,positif,positif
live score jam tayang tim nasional indonesia vs tanzania skuat shin taeyong full team,positif,positif
yuk lurus samasama,positif,positif
set keren taut live streaming avc challenge cup wanita tim nasional voli putri indonesia vs india taut live streamingnya,positif,positif
gwencana garuda hatur nuhun tos juang tanding rebut posisi tiga semangat suasana nobar wilayah jawa barat tanding malam,positif,positif
korupsi maklum lupa tuh maklum aneh,negatif,negatif
lewat momen piala dunia dukung tim nasional garuda paket nonton parabola hemat lengkap klik whatsapp kunjung,positif,positif
juang tim nasional ri mari alih plan bb manfaat menit reguler sebaikbaiknya tetap solid,positif,positif
nya keren fansnya andai fans king indonesia budiman bumi sombong nasib hasil,positif,positif
indonesia kalah lawan uzbeskistan terima kasih tim nasional indonesia usaha semifinal datang kembali stronger indonesia,negatif,positif
kontroversi wasit,negatif,negatif
timnasday,positif,positif
,positif,positif
perintah main,positif,positif
banggaaaaaa tim nasional juang lawan korsel lanjutkanlanjutkan final guysss,negatif,positif
cosplay jarjit anjir,negatif,negatif
filipina kuat main naturalisasi vs indonesia,negatif,positif
semangat tim nasional bangkit baik indonesia,negatif,positif
main korsel selebrasi kalah langsung dibales joget ernando target shin tae yong bismillah langkah olimpiade wasit,negatif,positif
orang suka postingan respons komentar,positif,positif
pic tambah detail jersey,positif,positif
ayo semangat paris garuda muda bangga langkah bagus,positif,positif
yu lurus,positif,positif
baik,positif,positif
tim nasional internasional ya suporter kampung pakai acara ras norak,negatif,positif
skor indonesia uzbekistan,positif,positif
yeay secured my ticket hasil war temu stadion tim nasional garuda,positif,positif
gegara ambisi uang jagung laku dampak buruk masyarkat babel nih,negatif,negatif
wkwkw langsung stiker wasit,positif,positif
alhamdulillah indonesia laju semi final sesuai janji menang giveaway ku pilih random ya selamat silah dm nomor ewallet isiin insyaalloh besok pas semi final adain giveaway tanda syukur,positif,positif
yaa negeri konoha,positif,positif
negara konoha emang beda main poko ngeri,negatif,positif
mas bangga bangga indonesia hormat tinggi,positif,positif
bangga lihat tim nasional putri indonesia nang nyanyi lagu tanah air air mata alir wakil letih juang sepi perhati rindu menang bayar tuntas tanding ramai hadir suporter tim nasional,negatif,positif
wasit shenyinhao rujak netizen depan,negatif,negatif
bangga kalah korea selatan drama adu penalti indonesia semifinal piala asia,negatif,negatif
terima kasih juang,positif,positif
apresiasi dukung tim nasional stadion keren,positif,positif
shin taeyong jay idzes bela tim nasional indonesia lawan irak justin hubner via,negatif,negatif
garuda tangguh sang harimau putih,negatif,positif
semifinal piala asia tingkat,positif,positif
jantung aman best komen won,positif,positif
terima kasih garuda muda latih cinta latih sty bangga tim nasional indonesia ayo bangkit tim nasional indonesia rebut tiket olimpiade juara tiga,positif,positif
usia kapten argenti,positif,positif
rafael bilang we are one reflek bilang exo sarangahaja mmf banget reflek,positif,positif
jahat banget wasit nya tidak jadi goal cantik banget goal nya indonesia ferrari arhan batal offside semangat ya tim nasional optimis kalah uzbek informasi ig wasit silaturahmi prank shibal,negatif,negatif
promosi pinjam online tampa agun bunga ringan syarat mudah proses cepat perhati butuh dana renovasi modal usaha samping rumah sakit didik obat amanah amp percaya,negatif,positif
wasit radarada but we are proud of,positif,positif
garuda muda menang,negatif,positif
semifinal datanggggg,positif,positif
bayangin statistik unggul lawan king asia cleansheet patah struick master lass shin taeyong suka nyuruh challenge,negatif,positif
ayo bicara,positif,positif
mohon dukung pilih damping garuda pilih damping garuda sumber indonesia,positif,positif
sty jerman pulangin bos sty korsel pulangin wel,positif,positif
juang witan lawan titan guinea malam rela kepala bocor jahit video operasi witan sulaeman,negatif,positif
akibat ulah oknum jaksa,negatif,negatif
arhan kapten cosplay kapten emyu,positif,positif
kaget dukung tim nasional indonesia unik ajak anakanak daftar damping garuda laga kualifikasi piala dunia gratis buka,positif,positif
harga tiket tim nasional indonesia vs irak nih guys,positif,positif
harga tiket tim nasional indonesia lawan irak filipina rilis pssi tiket tanding pssi jual terus tanding harga tiket tanding tim nasional indonesia,positif,positif
haloo tiket indonesia vs filipina seat upper garuda orang tidakk,positif,negatif
did very good prestasi guyss we proud of all tegak kepala keras terimakasih all choaching team all did great job fokus tanding mei go garuda,positif,positif
wasitt gudalll,positif,positif
terimakasih tugas mesti,positif,positif
im proud of garuda muda tim nasional hebat titik,negatif,positif
taut streaming nonton tim nasional indonesia lawan tim nasional guinea,negatif,negatif
wasit indonesia vs uzbekistan jerome,negatif,negatif
allahu akbar merdekaaa,positif,positif
alhamdhlillah laju garuda indonesia gila beda level banget tim nasional bingung bagus banget enak tonton,negatif,negatif
motm indonesia vs uzbekistan,positif,positif
main jelek indonesia hujat wasit,negatif,negatif
tim nasional lolos semi final amp bikin masyarakat indonesia full senyum free alias gratis kelas ada main tim nasional piala asia semangat garuda olimpiade tinggal selang,negatif,positif
kecewa hormat putus wasit,negatif,negatif
ditunggutunggu zahra muzdalifah main babak,negatif,negatif
aneh main uzb bentur witan anggap langgar kocak banget wasit sogok kelas afc pakai wasit model wasit liga tarkam,negatif,negatif
saddil sensitif ong kim swee diskusi saddil ramdani anak asuh sabah fc panggil tim nasional indonesia,negatif,negatif
p maljum tau butuh gigolo dm ya khusus bandung ayoooooo,negatif,negatif
sahabat habis nonton indonesia vs guinea coba ngumpul,negatif,positif
indonesia menang level dunia,negatif,negatif
latih lempar motor latih pas nobar gara gara wasit biadap latih arghhhhhhhhgggg,negatif,positif
gweh cinta banget si hubner jiwa preman gavi takuttakutnya,positif,positif
indonesian abroad ft sabah fc nang fc main indonesia saddil ramdani tampil penuh sayang gagal bawa tim dulang poin pekan perdana djarum,negatif,negatif
wts skiv rou lafiye all warna gercepp yaaw,positif,positif
pa juang pelan naik level main proses berprogress penting jalan timnasday,negatif,positif
shin taeyong slot main kualifikasi piala dunia kan manggil malik risaldi kah latih nih ganti witan ibadah haji,positif,positif
main tim nasional offside nyentuh bola nyentuh bola umpan pendek pas woy wasit china dasar kontol jongos china abdi uzbek,negatif,negatif
negara butuh orang jujur ayo revisi uu jaksa,positif,positif
balas liga dangdut,negatif,negatif
klub orang indonesia promosi serie a struick bintang asia,positif,positif
segi tahan serang ber tubi jam tahan tiang juang terimakasih bangga,negatif,positif
lepas wasit kontroversial poin bikin indonesia kalah lawan uzbek fisik mental skill individu main bawah main uzbek beda nya banget duel,negatif,negatif
naik harga tiket tim nasional indonesia persen,positif,positif
daftar sejarah juara rekor juara edisi kali jepang kali iraq kali uzbekistan kali korea selatan kali arab saudi,negatif,positif
nonton konser musik harga tiket juta keluh nonton tim nasional main harga tiket ratus ribuk ribut model masyarakat sih,positif,positif
hmi blumm nih,positif,positif
tau kerja tum pssi erick thohir adira finance,positif,negatif
capek banget habis nonton drama korea tembus pagi tidurz korsel emang the best drama korea,negatif,negatif
mumpung suasana lebaran tolong ingfokan akun ig wasit tugas,negatif,negatif
ernando nya pakai baju dibu martinez pas main lawan argentina joget joget,positif,negatif
full indonesia uzbek gagal lolos final indonesia juang rebut posisi,negatif,negatif
atur ekspektasi nya guys tim debut uzbek final hasil sistem sepakbola jalan hasil quick fix hasil yuk tuntas olimpiade paris,positif,positif
yah kalah lemes sih apa tarung semifinal sejarah sendiri semangat tarung rebut tiket olimpiade tim nasional indonesia,negatif,negatif
era digital kurang cari lemah orang muncul darimana lemah,negatif,positif
emang wasit bangsat tai babi,negatif,negatif
wts tiket indonesia vs philipina harga dm terimakasih,positif,positif
drakor negeri atlet pas final ngelawan negara amp bahkana sahabat hari ini shin tae yong did it,positif,positif
liatt bjirr main liga pakkk ayolahhh oyyy,positif,negatif
game rekomendasi weekend auto ledak jay idzes djarum babymonster in tokyo d princess,negatif,positif
nih sebar dana kaget nih yuk sikat layang paham ya ges tambah idr untung dm twitter,positif,positif
lanjur lanjur,negatif,positif
rela marathon drakor nonton tim nasional subuh sia sia hasil masuk semi final,negatif,positif
telat bela venezia final playoff promosi serie a shin taeyong pasti jay idzes tampil lawan irak good luck idzes lagi di jalan serie a,positif,positif
the real jumat berkah param indonesia v kore,positif,positif
aneh sih kalok ngehujat arhan lepas emang bikin own goal turut match arhan perform loh,negatif,positif
match indonesia vs uzbekistan,positif,positif
lihat main cadang fulham,positif,positif
jerman dipulangin korea,positif,positif
yuk beib main main stasiunplay akuh taut join,positif,positif
shen yinhao arhan struick offiside anda ongoal gol ferarri sah ya cerita tanding,positif,negatif
full senyum,positif,positif
shin taeyong misi tembus fifa tim nasional indonesia berat tarung vs irak filipina bukti,negatif,positif
jaksa peran,positif,positif
coba orang pasuk sukses banget ya semangat bangga maju,positif,positif
nyari tiket tim nasional indonesia vs filipina cat upper garuda yoo harga kotak masuk,negatif,negatif
saksi tanding langsung,positif,positif
mimin paham kecewa indonesia gagal lolos olimpiade wasit bikin darah plissss mari dewasa ras biar ras warna sepak bola stop rasisme,negatif,positif
final indonesia stadion isi nya jangkrik,negatif,positif
nanti panjang,positif,negatif
arah main mana,negatif,negatif
champions selamat manchester city hasil menang gelar liga inggris empat kali berturutturut taut,positif,positif
bersihbersih,positif,positif
indonesia serasa maroko piala dunia l,negatif,negatif
tidak apa good game peduli indonesia jerome polin taeeeeee,positif,positif
alhamdulillah tim nasional menang,positif,positif
gol korut goal of the tournament tuh,positif,positif
skuad garuda uji coba hadap tanzania kualifikasi piala dunia,positif,positif
yu yu yu revisi uu jaksa,positif,positif
erick bicara,positif,positif
momen tim nasional sulit menang gelora bung karno,negatif,positif
depan,positif,positif
hayo loh jagung,positif,positif
erick thohir tolong telepon argentina rematch,negatif,negatif
nya nonton banget guee kampung gbkeh demu yee rafael,positif,positif
rejeki main olimpiade rejeki tim nasional nnti lolos kualifikasi pildun weh,positif,positif
tutup botol ah ajg tidur aja,negatif,positif
harga untk semgad,positif,positif
apresiasi dukung temanteman jelang subuh salut,positif,positif
mari lurus,positif,positif
terima kasih sty,positif,positif
clearance krusial nastasia suci,positif,positif
wasit shibal sekiya,negatif,positif
saksi tanding fulham vs manchester city klik taut bawah epy kusnandar vina fulham jay idzes djarum aaliyah ras,positif,positif
bang jay main laga indonesia vs irak jadwal venezia fc playoff promosi serie a mepet,positif,positif
kemaren rafael maju capek ulang komen mana jelasin posisi rafael,positif,positif
ayo bicara,positif,positif
tum pssi erick thohir sambut antusias salah program unggul presiden amp wakil presiden pilih prabowo subianto gibran rakabuming raka makan gizi gratis anakanak indonesia,positif,positif
statistik yuk yuk finishingnya tajam semifinal terima kasih adik especially rafael n ernando,positif,positif
semifinal,positif,positif
var offside om wasit sudut kamera sejajar main cari angle kamera offside pro emang nih panitia afc bener kata latih justin but ucap selamat uzbek see next game,positif,positif
t emang stigma bikin gaduh ya,positif,positif
tim nasional indonesia untung wasit,negatif,negatif
indosiar tolong recruit tuh main uzb,negatif,negatif
tanding sf malam uzvarkistan semangat,positif,positif
jantung aman,positif,positif
